<?xml version="1.0" encoding="UTF-8"?>
<project-private xmlns="http://www.netbeans.org/ns/project-private/1">
    <editor-bookmarks xmlns="http://www.netbeans.org/ns/editor-bookmarks/2" lastBookmarkId="0"/>
    <open-files xmlns="http://www.netbeans.org/ns/projectui-open-files/2">
        <group>
            <file>file:/C:/Users/cokea/OneDrive/Escritorio/Anáhuac%206to/POO/ProyectosJava/ProyectoFinalPOO/src/principal/datosPrincipal.java</file>
            <file>file:/C:/Users/cokea/OneDrive/Escritorio/Anáhuac%206to/POO/ProyectosJava/ProyectoFinalPOO/src/principal/recetaMedica.java</file>
            <file>file:/C:/Users/cokea/OneDrive/Escritorio/Anáhuac%206to/POO/ProyectosJava/ProyectoFinalPOO/src/principal/personaPrincipal.java</file>
            <file>file:/C:/Users/cokea/OneDrive/Escritorio/Anáhuac%206to/POO/ProyectosJava/ProyectoFinalPOO/src/principal/registro.java</file>
            <file>file:/C:/Users/cokea/OneDrive/Escritorio/Anáhuac%206to/POO/ProyectosJava/ProyectoFinalPOO/src/principal/registroSintomas.java</file>
            <file>file:/C:/Users/cokea/OneDrive/Escritorio/Anáhuac%206to/POO/ProyectosJava/ProyectoFinalPOO/src/principal/registroDoctor.java</file>
            <file>file:/C:/Users/cokea/OneDrive/Escritorio/Anáhuac%206to/POO/ProyectosJava/ProyectoFinalPOO/src/principal/pacienteHombre.java</file>
            <file>file:/C:/Users/cokea/OneDrive/Escritorio/Anáhuac%206to/POO/ProyectosJava/ProyectoFinalPOO/src/proyectofinalpoo/ProyectoFinalPOO.java</file>
            <file>file:/C:/Users/cokea/OneDrive/Escritorio/Anáhuac%206to/POO/ProyectosJava/ProyectoFinalPOO/src/principal/pacienteMujer.java</file>
        </group>
    </open-files>
</project-private>
